Feature,Importance
GrLivArea,0.4145138952178735
YearBuilt,0.18345816329963285
TotalBsmtSF,0.12839804938807342
GarageArea,0.11119370899942779
BsmtFinSF1,0.10568739639779763
KitchenQual_Ex,0.056748786697194825
